-27.017662048339844,66.21400451660156,0.0,-179.92672729492188,0.0,0.0
-41.24679946899414,57.65663528442383,0.0,253.5222930908203,0.0,0.0
-48.57393264770508,82.6451187133789,0.0,89.8387680053711,360.0,0.0
-52.07392120361328,82.65496826171875,0.0,89.8387680053711,360.0,0.0
-48.63021469116211,62.64520263671875,0.0,89.8387680053711,360.0,0.0
-52.13020324707031,62.655052185058594,0.0,89.8387680053711,360.0,0.0
26.435718536376953,16.757444381713867,0.0,-179.84078979492188,360.0,0.0
26.44544219970703,13.257457733154297,0.0,-179.84078979492188,360.0,0.0
46.43564224243164,16.81301498413086,0.0,-179.84078979492188,360.0,0.0
46.44536590576172,13.313028335571289,0.0,-179.84078979492188,360.0,0.0
26.40376853942871,28.25739860534668,0.0,-359.8407897949219,0.0,0.0
26.41349220275879,24.75741195678711,0.0,-359.8407897949219,0.0,0.0
46.403690338134766,28.312969207763672,0.0,-359.8407897949219,0.0,0.0
46.413414001464844,24.8129825592041,0.0,-359.8407897949219,0.0,0.0
43.88934326171875,41.89961624145508,0.0,-90.75109100341797,0.0,0.0
52.426841735839844,28.572307586669922,0.0,-11.749606132507324,0.0,0.0
-106.7159194946289,-2.2476232051849365,0.0,-89.35775756835938,360.0,0.0
-98.82495880126953,11.913121223449707,0.0,-159.81967163085938,360.0,0.0
-88.67606353759766,24.437633514404297,0.0,0.159210205078125,360.0,0.0
-107.74635314941406,16.8935546875,0.0,58.60944366455078,360.0,0.0
-107.23321533203125,43.899478912353516,0.0,-89.3577651977539,0.0,0.0
-107.00904083251953,23.90073585510254,0.0,-89.3577651977539,0.0,0.0
-106.78485870361328,3.9019930362701416,0.0,-89.3577651977539,0.0,0.0
85.98224639892578,66.35848999023438,0.0,-179.92672729492188,360.0,0.0
98.91018676757812,57.70998764038086,0.0,96.80986022949219,360.0,0.0
83.04327392578125,24.91476058959961,0.0,-359.8407897949219,0.0,0.0
103.13019561767578,20.10544204711914,0.0,-403.7696228027344,0.0,0.0
109.86289978027344,0.4867967665195465,0.0,-449.6092224121094,0.0,0.0
106.07840728759766,42.18954086303711,0.0,-89.6092529296875,0.0,0.0
104.24563598632812,21.61906623840332,0.0,-118.9862060546875,0.0,0.0
85.37654876708984,13.421199798583984,0.0,-179.84078979492188,0.0,0.0
83.0335464477539,28.41474723815918,0.0,-359.8407897949219,0.0,0.0
98.4537353515625,34.842403411865234,0.0,-292.029052734375,0.0,0.0
109.57832336425781,42.213409423828125,0.0,-89.6092529296875,0.0,0.0
106.07840728759766,42.18954086303711,0.0,-89.6092529296875,0.0,0.0
109.7147216796875,22.2138729095459,0.0,-89.6092529296875,0.0,0.0
106.21480560302734,22.190004348754883,0.0,-89.6092529296875,0.0,0.0
109.85111236572266,2.214339256286621,0.0,-89.6092529296875,0.0,0.0
106.3511962890625,2.190469980239868,0.0,-89.6092529296875,0.0,0.0
102.57848358154297,42.16566848754883,0.0,90.3907470703125,360.0,0.0
99.07856750488281,42.14179992675781,0.0,90.3907470703125,360.0,0.0
102.71488189697266,22.166135787963867,0.0,90.3907470703125,360.0,0.0
99.2149658203125,22.14226722717285,0.0,90.3907470703125,360.0,0.0
102.85127258300781,2.1666009426116943,0.0,90.3907470703125,360.0,0.0
99.35135650634766,2.1427316665649414,0.0,90.3907470703125,360.0,0.0
-28.517200469970703,130.03573608398438,0.0,-539.6478881835938,0.0,0.0
-41.24235153198242,119.94696807861328,0.0,-101.21430969238281,0.0,0.0
-70.48973083496094,128.9029083251953,0.0,-167.12777709960938,360.0,0.0
-54.2611083984375,123.71202850341797,0.0,126.22247314453125,360.0,0.0
-71.26968383789062,132.3148956298828,0.0,-167.12710571289062,360.0,0.0
-54.10551452636719,128.99887084960938,0.0,138.95970153808594,360.0,0.0
-52.142601013183594,-43.38029861450195,0.0,90.43231964111328,0.0,0.0
-48.6427001953125,-43.35388946533203,0.0,90.43231964111328,0.0,0.0
-45.142799377441406,-43.327484130859375,0.0,270.43231201171875,360.0,0.0
-41.64289855957031,-43.30107498168945,0.0,270.43231201171875,360.0,0.0
-52.29351043701172,-23.380870819091797,0.0,90.43231964111328,0.0,0.0
-48.793609619140625,-23.354461669921875,0.0,90.43231964111328,0.0,0.0
-45.29370880126953,-23.328052520751953,0.0,270.43231201171875,360.0,0.0
-41.79380798339844,-23.30164337158203,0.0,270.43231201171875,360.0,0.0
57.403648376464844,28.34353256225586,0.0,0.15919755399227142,0.0,0.0
57.41337203979492,24.84354591369629,0.0,0.15919755399227142,0.0,0.0
57.43560028076172,16.843578338623047,0.0,180.15919494628906,360.0,0.0
57.44532775878906,13.343591690063477,0.0,180.15919494628906,360.0,0.0
77.40357208251953,28.39910316467285,0.0,0.15919755399227142,0.0,0.0
77.41329956054688,24.89911651611328,0.0,0.15919755399227142,0.0,0.0
77.4355239868164,16.89914894104004,0.0,180.15919494628906,360.0,0.0
77.44525146484375,13.399162292480469,0.0,180.15919494628906,360.0,0.0
-28.71629524230957,24.604232788085938,0.0,0.159210205078125,360.0,0.0
-45.859161376953125,13.515207290649414,0.0,72.05926513671875,360.0,0.0
-88.685791015625,27.937620162963867,0.0,0.159210205078125,360.0,0.0
-108.18182373046875,21.178382873535156,0.0,56.65425109863281,360.0,0.0
-110.24779510498047,0.5753723978996277,0.0,90.6422348022461,360.0,0.0
109.30042266845703,82.96246337890625,0.0,-449.6092224121094,0.0,0.0
105.80050659179688,82.93859100341797,0.0,-449.6092224121094,0.0,0.0
109.43682098388672,62.962928771972656,0.0,-449.6092224121094,0.0,0.0
105.93690490722656,62.93906021118164,0.0,-449.6092224121094,0.0,0.0
83.07522583007812,13.41480541229248,0.0,-179.84078979492188,360.0,0.0
98.23870086669922,5.6927995681762695,0.0,115.35974884033203,360.0,0.0
-28.72602081298828,28.104219436645508,0.0,0.15919755399227142,0.0,0.0
-28.71629524230957,24.604232788085938,0.0,0.15919755399227142,0.0,0.0
-28.694067001342773,16.604265213012695,0.0,180.15919494628906,360.0,0.0
-28.684343338012695,13.104278564453125,0.0,180.15919494628906,360.0,0.0
-8.726097106933594,28.1597900390625,0.0,0.15919755399227142,0.0,0.0
-8.7163724899292,24.65980339050293,0.0,0.15919755399227142,0.0,0.0
-8.694144248962402,16.659835815429688,0.0,180.15919494628906,360.0,0.0
-8.684418678283691,13.159849166870117,0.0,180.15919494628906,360.0,0.0
11.273826599121094,28.215360641479492,0.0,0.15919755399227142,0.0,0.0
11.283551216125488,24.715373992919922,0.0,0.15919755399227142,0.0,0.0
11.305779457092285,16.71540641784668,0.0,180.15919494628906,360.0,0.0
11.315505027770996,13.21541976928711,0.0,180.15919494628906,360.0,0.0
-103.21614074707031,-2.2083919048309326,0.0,-89.35775756835938,360.0,0.0
-94.99005126953125,12.021167755126953,0.0,-159.357177734375,360.0,0.0
-66.8261489868164,24.498342514038086,0.0,0.15919755399227142,0.0,0.0
-47.46052932739258,17.27355194091797,0.0,-49.87932205200195,0.0,0.0
-78.07583618164062,27.967100143432617,0.0,0.15919755399227142,0.0,0.0
-78.06610870361328,24.467113494873047,0.0,0.15919755399227142,0.0,0.0
-78.04388427734375,16.467145919799805,0.0,180.15919494628906,360.0,0.0
-78.0341567993164,12.967159271240234,0.0,180.15919494628906,360.0,0.0
-114.23278045654297,43.821014404296875,0.0,90.6422348022461,360.0,0.0
-110.44757843017578,23.5140380859375,0.0,126.9920654296875,360.0,0.0
-91.08570098876953,16.430908203125,0.0,-179.84078979492188,360.0,0.0
-88.685791015625,27.937620162963867,0.0,0.15919755399227142,0.0,0.0
-88.67606353759766,24.437633514404297,0.0,0.15919755399227142,0.0,0.0
-88.65383911132812,16.437665939331055,0.0,180.15919494628906,360.0,0.0
-88.64411163330078,12.937679290771484,0.0,180.15919494628906,360.0,0.0
7.407855033874512,-67.89999389648438,0.0,179.97657775878906,0.0,0.0
7.409285068511963,-64.39999389648438,0.0,179.97657775878906,0.0,0.0
7.410714626312256,-60.899993896484375,0.0,359.9765625,360.0,0.0
7.412144660949707,-57.399993896484375,0.0,359.9765625,360.0,0.0
-41.82001876831055,-4.8147735595703125,0.0,-90.1612319946289,0.0,0.0
-45.32000732421875,-4.804924488067627,0.0,-90.1612319946289,0.0,0.0
-48.81999206542969,-4.795074939727783,0.0,89.8387680053711,360.0,0.0
-52.31998062133789,-4.785225868225098,0.0,89.8387680053711,360.0,0.0
-41.81126403808594,-1.7042442560195923,0.0,-90.1612319946289,0.0,0.0
-45.31125259399414,-1.6943949460983276,0.0,-90.1612319946289,0.0,0.0
-48.81123733520508,-1.684545636177063,0.0,89.8387680053711,360.0,0.0
-52.31122589111328,-1.6746963262557983,0.0,89.8387680053711,360.0,0.0
-41.483009338378906,114.94529724121094,0.0,-90.1612319946289,0.0,0.0
-44.98299789428711,114.95514678955078,0.0,-90.1612319946289,0.0,0.0
-48.48298263549805,114.9649887084961,0.0,89.8387680053711,360.0,0.0
-51.98297119140625,114.97483825683594,0.0,89.8387680053711,360.0,0.0
-41.53929138183594,94.94537353515625,0.0,-90.1612319946289,0.0,0.0
-45.03927993774414,94.9552230834961,0.0,-90.1612319946289,0.0,0.0
-48.53926467895508,94.9650650024414,0.0,89.8387680053711,360.0,0.0
-52.03925323486328,94.97491455078125,0.0,89.8387680053711,360.0,0.0
-66.80392456054688,16.498376846313477,0.0,180.15919494628906,360.0,0.0
-66.79419708251953,12.998390197753906,0.0,180.15919494628906,360.0,0.0
-46.80399703979492,16.55394744873047,0.0,180.15919494628906,360.0,0.0
-46.79426956176758,13.053960800170898,0.0,180.15919494628906,360.0,0.0
109.92987823486328,-9.334196090698242,0.0,-89.6092529296875,0.0,0.0
106.42996215820312,-9.358065605163574,0.0,-89.6092529296875,0.0,0.0
102.93003845214844,-9.38193416595459,0.0,90.3907470703125,360.0,0.0
99.43012237548828,-9.405803680419922,0.0,90.3907470703125,360.0,0.0
-66.8261489868164,24.498342514038086,0.0,0.15919755399227142,0.0,0.0
-48.090599060058594,15.758028984069824,0.0,-55.284786224365234,0.0,0.0
106.07840728759766,42.18954086303711,0.0,-89.6092529296875,0.0,0.0
101.26289367675781,22.078367233276367,0.0,-130.99021911621094,0.0,0.0
-67.15464782714844,-58.193748474121094,0.0,-359.40325927734375,0.0,0.0
-67.11819458007812,-61.69355773925781,0.0,-359.40325927734375,0.0,0.0
-47.155731201171875,-57.985450744628906,0.0,-359.40325927734375,0.0,0.0
-47.11928176879883,-61.485260009765625,0.0,-359.40325927734375,0.0,0.0
83.04327392578125,24.91476058959961,0.0,-359.8407897949219,0.0,0.0
102.69650268554688,18.881675720214844,0.0,-418.7638854980469,0.0,0.0
106.3758316040039,-1.4213203191757202,0.0,-449.6092224121094,0.0,0.0
-45.18675994873047,42.54542922973633,0.0,-450.1612243652344,0.0,0.0
-50.76707458496094,22.622722625732422,0.0,-130.3271484375,0.0,0.0
109.50276184082031,53.29315185546875,0.0,-89.6092529296875,0.0,0.0
106.00284576416016,53.269283294677734,0.0,-89.6092529296875,0.0,0.0
102.50292205810547,53.24541091918945,0.0,90.3907470703125,360.0,0.0
99.00300598144531,53.22154235839844,0.0,90.3907470703125,360.0,0.0
27.14229393005371,66.28325653076172,0.0,-179.92672729492188,360.0,0.0
40.41234588623047,57.7335090637207,0.0,100.0029296875,360.0,0.0
-41.68677520751953,42.535579681396484,0.0,-450.1612243652344,0.0,0.0
-33.24543762207031,28.490991592407227,0.0,-15.731558799743652,0.0,0.0
-67.08174133300781,-65.19336700439453,0.0,-179.40325927734375,360.0,0.0
-67.0452880859375,-68.69317626953125,0.0,-179.40325927734375,360.0,0.0
-47.082828521728516,-64.98506927490234,0.0,-179.40325927734375,360.0,0.0
-47.04637908935547,-68.48487854003906,0.0,-179.40325927734375,360.0,0.0
109.89640045166016,-4.425507068634033,0.0,-89.6092529296875,0.0,0.0
106.396484375,-4.449376106262207,0.0,-89.6092529296875,0.0,0.0
102.89656066894531,-4.473245620727539,0.0,90.3907470703125,360.0,0.0
99.39664459228516,-4.497114658355713,0.0,90.3907470703125,360.0,0.0
-48.6427001953125,-43.3538932800293,0.0,90.43233489990234,360.0,0.0
-41.16213607788086,-62.71391296386719,0.0,147.05137634277344,360.0,0.0
58.05227279663086,66.3227767944336,0.0,-179.92672729492188,0.0,0.0
38.05228805541992,66.29720306396484,0.0,-179.92672729492188,0.0,0.0
-0.14773565530776978,130.2100830078125,0.0,-179.6478729248047,0.0,0.0
-0.16924521327018738,133.71002197265625,0.0,-179.6478729248047,0.0,0.0
-0.19075477123260498,137.2099609375,0.0,0.3521270751953125,360.0,0.0
-0.21226432919502258,140.70989990234375,0.0,0.3521270751953125,360.0,0.0
-20.147357940673828,130.08718872070312,0.0,-179.6478729248047,0.0,0.0
-20.168867111206055,133.5871124267578,0.0,-179.6478729248047,0.0,0.0
-20.190378189086914,137.08705139160156,0.0,0.3521270751953125,360.0,0.0
-20.21188735961914,140.58697509765625,0.0,0.3521270751953125,360.0,0.0
-70.48992156982422,128.90286254882812,0.0,-167.1271209716797,0.0,0.0
-71.26968383789062,132.3148956298828,0.0,-167.1271209716797,0.0,0.0
-72.0494384765625,135.72694396972656,0.0,12.872879028320312,360.0,0.0
-72.8292007446289,139.13897705078125,0.0,12.872879028320312,360.0,0.0
-86.00565338134766,121.16619110107422,0.0,-139.86801147460938,0.0,0.0
-88.26158142089844,123.84215545654297,0.0,-139.86801147460938,0.0,0.0
-90.51750183105469,126.51811981201172,0.0,40.131988525390625,360.0,0.0
-92.77342987060547,129.194091796875,0.0,40.131988525390625,360.0,0.0
-96.7311782836914,106.9530029296875,0.0,242.73822021484375,0.0,0.0
-99.8424072265625,108.55620574951172,0.0,242.73822021484375,0.0,0.0
-102.95364379882812,110.1594009399414,0.0,422.73822021484375,360.0,0.0
-106.06487274169922,111.76260375976562,0.0,422.73822021484375,360.0,0.0
-102.82238006591797,89.51403045654297,0.0,258.7545166015625,0.0,0.0
-106.25518035888672,90.19657897949219,0.0,258.7545166015625,0.0,0.0
-109.68798065185547,90.87911987304688,0.0,438.7545166015625,360.0,0.0
-113.12078094482422,91.5616683959961,0.0,438.7545166015625,360.0,0.0
-104.03327178955078,70.68702697753906,0.0,-89.3577651977539,0.0,0.0
-107.53305053710938,70.64779663085938,0.0,-89.3577651977539,0.0,0.0
-111.0328369140625,70.60856628417969,0.0,90.6422348022461,360.0,0.0
-114.5326156616211,70.5693359375,0.0,90.6422348022461,360.0,0.0
-103.80908966064453,50.68828201293945,0.0,-89.3577651977539,0.0,0.0
-107.30886840820312,50.649051666259766,0.0,-89.3577651977539,0.0,0.0
-110.80865478515625,50.60982131958008,0.0,90.6422348022461,360.0,0.0
-114.30843353271484,50.57059097290039,0.0,90.6422348022461,360.0,0.0
-103.21614074707031,-2.2083921432495117,0.0,-89.3577651977539,0.0,0.0
-106.7159194946289,-2.2476232051849365,0.0,-89.3577651977539,0.0,0.0
-110.21570587158203,-2.2868540287017822,0.0,90.6422348022461,360.0,0.0
-113.71548461914062,-2.326085090637207,0.0,90.6422348022461,360.0,0.0
-102.99175262451172,-22.180795669555664,0.0,-89.07035064697266,0.0,0.0
-106.49128723144531,-22.23758316040039,0.0,-89.07035064697266,0.0,0.0
-109.99082946777344,-22.294368743896484,0.0,90.92964935302734,360.0,0.0
-113.49036407470703,-22.35115623474121,0.0,90.92964935302734,360.0,0.0
-98.9192886352539,-39.278072357177734,0.0,-64.13398742675781,0.0,0.0
-102.06864929199219,-40.80501174926758,0.0,-64.13398742675781,0.0,0.0
-105.21800231933594,-42.33195114135742,0.0,115.86601257324219,360.0,0.0
-108.36736297607422,-43.858890533447266,0.0,115.86601257324219,360.0,0.0
-88.0964126586914,-52.675106048583984,0.0,-35.725276947021484,0.0,0.0
-90.14006042480469,-55.51649475097656,0.0,-35.725276947021484,0.0,0.0
-92.1837158203125,-58.357887268066406,0.0,144.27471923828125,360.0,0.0
-94.22736358642578,-61.199275970458984,0.0,144.27471923828125,360.0,0.0
-72.28523254394531,-58.1961669921875,0.0,-2.771836519241333,0.0,0.0
-72.4544906616211,-61.692073822021484,0.0,-2.771836519241333,0.0,0.0
-72.62374114990234,-65.18798065185547,0.0,177.22816467285156,360.0,0.0
-72.79299926757812,-68.68388366699219,0.0,177.22816467285156,360.0,0.0
-28.517202377319336,130.03573608398438,0.0,-539.6478881835938,0.0,0.0
-28.538711547851562,133.53567504882812,0.0,-539.6478881835938,0.0,0.0
-48.516822814941406,129.912841796875,0.0,-539.6478881835938,0.0,0.0
-48.538333892822266,133.4127655029297,0.0,-539.6478881835938,0.0,0.0
-67.74750518798828,129.42098999023438,0.0,-171.47494506835938,0.0,0.0
-68.26634979248047,132.88232421875,0.0,-171.47494506835938,0.0,0.0
-27.836780548095703,-57.784236907958984,0.0,0.5967352390289307,0.0,0.0
-27.800329208374023,-61.2840461730957,0.0,0.5967352390289307,0.0,0.0
-27.76387596130371,-64.78385925292969,0.0,180.59674072265625,360.0,0.0
-27.72742462158203,-68.2836685180664,0.0,180.59674072265625,360.0,0.0
-7.837865829467773,-57.5759391784668,0.0,0.5967352390289307,0.0,0.0
-7.8014140129089355,-61.075748443603516,0.0,0.5967352390289307,0.0,0.0
-7.7649617195129395,-64.5755615234375,0.0,180.59674072265625,360.0,0.0
-7.728509902954102,-68.07537078857422,0.0,180.59674072265625,360.0,0.0
-67.15464782714844,-58.19374465942383,0.0,-359.40325927734375,0.0,0.0
-52.61628723144531,-50.447509765625,0.0,-288.0357666015625,0.0,0.0
-28.560218811035156,137.03561401367188,0.0,-359.64788818359375,360.0,0.0
-28.581727981567383,140.53555297851562,0.0,-359.64788818359375,360.0,0.0
-48.55984115600586,136.91270446777344,0.0,-359.64788818359375,360.0,0.0
-48.58135223388672,140.41262817382812,0.0,-359.64788818359375,360.0,0.0
-68.78519439697266,136.34365844726562,0.0,8.525054931640625,360.0,0.0
-69.30403900146484,139.80499267578125,0.0,8.525054931640625,360.0,0.0
-0.21226438879966736,140.70989990234375,0.0,0.352119117975235,0.0,0.0
-0.19075478613376617,137.2099609375,0.0,0.352119117975235,0.0,0.0
-0.16924519836902618,133.71002197265625,0.0,180.35211181640625,360.0,0.0
-0.147735595703125,130.2100830078125,0.0,180.35211181640625,360.0,0.0
44.02894973754883,52.548702239990234,0.0,-90.75109100341797,0.0,0.0
40.52924728393555,52.59458541870117,0.0,89.24890899658203,360.0,0.0
109.97942352294922,-22.602590560913086,0.0,-89.1551513671875,0.0,0.0
106.47980499267578,-22.654197692871094,0.0,-89.1551513671875,0.0,0.0
102.98018646240234,-22.70580291748047,0.0,90.8448486328125,360.0,0.0
99.4805679321289,-22.757410049438477,0.0,90.8448486328125,360.0,0.0
104.67192077636719,-44.387088775634766,0.0,-118.23006439208984,0.0,0.0
101.58822631835938,-42.731544494628906,0.0,-118.23006439208984,0.0,0.0
98.50453186035156,-41.07599639892578,0.0,61.769935607910156,360.0,0.0
95.42083740234375,-39.42045211791992,0.0,61.769935607910156,360.0,0.0
89.44699096679688,-60.84722137451172,0.0,-147.30496215820312,0.0,0.0
87.55640411376953,-57.90176773071289,0.0,-147.30496215820312,0.0,0.0
85.66582489013672,-54.95631790161133,0.0,32.695037841796875,360.0,0.0
83.77523803710938,-52.0108642578125,0.0,32.695037841796875,360.0,0.0
68.14179229736328,-67.83453369140625,0.0,-176.37986755371094,0.0,0.0
67.9207992553711,-64.34152221679688,0.0,-176.37986755371094,0.0,0.0
67.6998062133789,-60.84850311279297,0.0,3.6201324462890625,360.0,0.0
67.47881317138672,-57.35548782348633,0.0,3.6201324462890625,360.0,0.0
47.809814453125,-67.91650390625,0.0,179.97657775878906,0.0,0.0
47.81124496459961,-64.41650390625,0.0,179.97657775878906,0.0,0.0
47.81267166137695,-60.91650390625,0.0,359.9765625,360.0,0.0
47.81410217285156,-57.41650390625,0.0,359.9765625,360.0,0.0
27.809812545776367,-67.90833282470703,0.0,179.97657775878906,0.0,0.0
27.811243057250977,-64.40833282470703,0.0,179.97657775878906,0.0,0.0
27.812673568725586,-60.90833282470703,0.0,359.9765625,360.0,0.0
27.814104080200195,-57.40833282470703,0.0,359.9765625,360.0,0.0
7.809817314147949,-67.90016174316406,0.0,179.97657775878906,0.0,0.0
7.8112473487854,-64.40016174316406,0.0,179.97657775878906,0.0,0.0
7.812676906585693,-60.90016555786133,0.0,359.9765625,360.0,0.0
7.8141069412231445,-57.40016555786133,0.0,359.9765625,360.0,0.0
-41.57395935058594,82.62542724609375,0.0,-90.1612319946289,0.0,0.0
-32.30881881713867,69.91413116455078,0.0,-10.237007141113281,0.0,0.0
85.98224639892578,66.35848999023438,0.0,-179.92672729492188,0.0,0.0
85.97777557373047,69.85848999023438,0.0,0.073272705078125,360.0,0.0
65.98226165771484,66.33291625976562,0.0,-179.92672729492188,0.0,0.0
65.97779083251953,69.83291625976562,0.0,0.073272705078125,360.0,0.0
102.30058288574219,82.91472625732422,0.0,-269.6092224121094,360.0,0.0
98.80066680908203,82.89085388183594,0.0,-269.6092224121094,360.0,0.0
102.43698120117188,62.91518783569336,0.0,-269.6092224121094,360.0,0.0
98.93706512451172,62.891319274902344,0.0,-269.6092224121094,360.0,0.0
-27.836780548095703,-57.784236907958984,0.0,0.59674072265625,360.0,0.0
-40.948238372802734,-47.86389923095703,0.0,-72.7564697265625,360.0,0.0
-110.73300170898438,43.86024856567383,0.0,90.6422348022461,360.0,0.0
-114.23278045654297,43.82101821899414,0.0,90.6422348022461,360.0,0.0
-110.50882720947266,23.86150550842285,0.0,90.6422348022461,360.0,0.0
-114.00860595703125,23.82227325439453,0.0,90.6422348022461,360.0,0.0
-110.2846450805664,3.862762212753296,0.0,90.6422348022461,360.0,0.0
-113.784423828125,3.823531150817871,0.0,90.6422348022461,360.0,0.0
83.0335464477539,28.41474723815918,0.0,-359.8407897949219,0.0,0.0
100.10743713378906,33.788692474365234,0.0,-310.3695373535156,0.0,0.0
-67.0452880859375,-68.69317626953125,0.0,-179.40325927734375,360.0,0.0
-48.1550178527832,-60.7596435546875,0.0,-121.05035400390625,360.0,0.0
27.14229393005371,66.28325653076172,0.0,-179.92672729492188,0.0,0.0
27.137819290161133,69.78325653076172,0.0,0.073272705078125,360.0,0.0
7.142311096191406,66.25768280029297,0.0,-179.92672729492188,0.0,0.0
7.137836456298828,69.75768280029297,0.0,0.073272705078125,360.0,0.0
-12.857671737670898,66.23210906982422,0.0,-179.92672729492188,0.0,0.0
-12.862146377563477,69.73210906982422,0.0,0.073272705078125,360.0,0.0
-28.517200469970703,130.03573608398438,0.0,-539.6478881835938,0.0,0.0
-43.85012435913086,122.465576171875,0.0,-115.95250701904297,0.0,0.0
-67.08174133300781,-65.19336700439453,0.0,-179.40325927734375,360.0,0.0
-47.89688491821289,-57.74089431762695,0.0,-123.46652221679688,360.0,0.0
58.047794342041016,69.8227767944336,0.0,0.073272705078125,360.0,0.0
38.04780960083008,69.79720306396484,0.0,0.073272705078125,360.0,0.0
-41.66096878051758,51.705543518066406,0.0,-90.1612319946289,0.0,0.0
-45.16095733642578,51.71539306640625,0.0,-90.1612319946289,0.0,0.0
-48.66094207763672,51.725242614746094,0.0,89.8387680053711,360.0,0.0
-52.16093063354492,51.73509216308594,0.0,89.8387680053711,360.0,0.0
-41.8112678527832,-1.7042436599731445,0.0,-90.16119384765625,360.0,0.0
-33.41349792480469,12.500568389892578,0.0,-161.56314086914062,360.0,0.0
-66.83586883544922,27.998329162597656,0.0,0.15919755399227142,0.0,0.0
-52.631980895996094,35.40894317626953,0.0,74.18977355957031,0.0,0.0
-110.73300170898438,43.86024856567383,0.0,90.6422348022461,360.0,0.0
-107.14742279052734,23.51900863647461,0.0,125.91670227050781,360.0,0.0
58.047794342041016,69.8227767944336,0.0,0.073272705078125,360.0,0.0
40.85236740112305,59.56953430175781,0.0,78.80360412597656,360.0,0.0
-107.23320770263672,43.89921951293945,0.0,-89.3577651977539,0.0,0.0
-101.89923858642578,27.02199935913086,0.0,-38.569969177246094,0.0,0.0
-27.800329208374023,-61.2840461730957,0.0,0.59674072265625,360.0,0.0
-41.023193359375,-51.597415924072266,0.0,-73.60523986816406,360.0,0.0
58.05227279663086,66.3227767944336,0.0,-179.92672729492188,0.0,0.0
44.41005325317383,57.503562927246094,0.0,255.650634765625,0.0,0.0
-41.57395935058594,82.62542724609375,0.0,-90.1612319946289,0.0,0.0
-45.07394790649414,82.6352767944336,0.0,-90.1612319946289,0.0,0.0
-41.63024139404297,62.62550354003906,0.0,-90.1612319946289,0.0,0.0
-45.13022994995117,62.635353088378906,0.0,-90.1612319946289,0.0,0.0
44.02894973754883,52.548702239990234,0.0,-90.7510986328125,360.0,0.0
32.68648910522461,69.45955657958984,0.0,-12.313430786132812,360.0,0.0
26.403766632080078,28.25739860534668,0.0,-359.8407897949219,0.0,0.0
40.017215728759766,37.11064147949219,0.0,-284.18719482421875,0.0,0.0
-41.686771392822266,42.535579681396484,0.0,-90.1612319946289,0.0,0.0
-45.18675994873047,42.54542922973633,0.0,-90.1612319946289,0.0,0.0
-41.7430534362793,22.535659790039062,0.0,-90.1612319946289,0.0,0.0
-45.2430419921875,22.545509338378906,0.0,-90.1612319946289,0.0,0.0
-41.79933166503906,2.5357401371002197,0.0,-90.1612319946289,0.0,0.0
-45.299320220947266,2.5455894470214844,0.0,-90.1612319946289,0.0,0.0
-66.79419708251953,12.998388290405273,0.0,180.15919494628906,360.0,0.0
-52.84976577758789,4.594662189483643,0.0,107.10079193115234,360.0,0.0
98.8006591796875,82.89085388183594,0.0,90.3907470703125,360.0,0.0
90.7055892944336,69.89494323730469,0.0,4.7777252197265625,360.0,0.0
-48.686744689941406,42.55527877807617,0.0,-270.1612243652344,360.0,0.0
-44.09283447265625,22.413785934448242,0.0,128.2669677734375,360.0,0.0
-103.73343658447266,43.9387092590332,0.0,-89.3577651977539,0.0,0.0
-95.7161865234375,29.078859329223633,0.0,-24.243188858032227,0.0,0.0
-66.83587646484375,27.99833106994629,0.0,0.15919755399227142,0.0,0.0
-66.8261489868164,24.49834442138672,0.0,0.15919755399227142,0.0,0.0
-46.8359489440918,28.05390167236328,0.0,0.15919755399227142,0.0,0.0
-46.82622528076172,24.55391502380371,0.0,0.15919755399227142,0.0,0.0
19.330636978149414,140.9599151611328,0.0,0.32044845819473267,0.0,0.0
19.35021209716797,137.4599609375,0.0,0.32044845819473267,0.0,0.0
19.36978530883789,133.96002197265625,0.0,180.32044982910156,360.0,0.0
19.389360427856445,130.46006774902344,0.0,180.32044982910156,360.0,0.0
39.330326080322266,141.07177734375,0.0,0.32044845819473267,0.0,0.0
39.34989929199219,137.5718231201172,0.0,0.32044845819473267,0.0,0.0
39.369476318359375,134.07188415527344,0.0,180.32044982910156,360.0,0.0
39.3890495300293,130.57192993164062,0.0,180.32044982910156,360.0,0.0
59.330013275146484,141.18362426757812,0.0,0.32044845819473267,0.0,0.0
59.349586486816406,137.6836700439453,0.0,0.32044845819473267,0.0,0.0
59.369163513183594,134.18373107910156,0.0,180.32044982910156,360.0,0.0
59.388736724853516,130.68377685546875,0.0,180.32044982910156,360.0,0.0
81.01774597167969,137.9519805908203,0.0,-22.85932731628418,0.0,0.0
79.6581039428711,134.72686767578125,0.0,-22.85932731628418,0.0,0.0
78.29845428466797,131.50173950195312,0.0,157.1406707763672,360.0,0.0
76.93881225585938,128.27662658691406,0.0,157.1406707763672,360.0,0.0
98.63536834716797,123.91968536376953,0.0,-53.45283508300781,0.0,0.0
95.8235855102539,121.83549499511719,0.0,-53.45283508300781,0.0,0.0
93.01180267333984,119.75129699707031,0.0,126.54716491699219,360.0,0.0
90.20001983642578,117.66710662841797,0.0,126.54716491699219,360.0,0.0
107.85566711425781,103.94326782226562,0.0,-76.99491882324219,0.0,0.0
104.44544219970703,103.15563201904297,0.0,-76.99491882324219,0.0,0.0
101.03520965576172,102.36800384521484,0.0,103.00508117675781,360.0,0.0
97.62498474121094,101.58036804199219,0.0,103.00508117675781,360.0,0.0
-28.72602081298828,28.104219436645508,0.0,0.159210205078125,360.0,0.0
-46.66980743408203,18.45207405090332,0.0,65.01029968261719,360.0,0.0
-48.686744689941406,42.55527877807617,0.0,89.8387680053711,360.0,0.0
-52.18673324584961,42.565128326416016,0.0,89.8387680053711,360.0,0.0
-48.74302673339844,22.55535888671875,0.0,89.8387680053711,360.0,0.0
-52.24301528930664,22.565208435058594,0.0,89.8387680053711,360.0,0.0
-48.7993049621582,2.555438995361328,0.0,89.8387680053711,360.0,0.0
-52.299293518066406,2.5652883052825928,0.0,89.8387680053711,360.0,0.0
